product_id,product_name,category,units,net_sales
P0004,Orbit Monitor 678,Electronics,58,36909.28
P0047,Pulse Smartwatch 312,Electronics,60,36278.03
P0032,Luma Headphones 509,Electronics,55,32351.76
P0044,Nova Tablet 226,Electronics,61,31800.86
P0006,Terra Smartwatch 667,Electronics,66,30402.22
P0001,Vista Speaker 489,Electronics,76,28991.1
P0003,Terra Headphones 854,Electronics,68,27396.01
P0019,Terra Tablet 608,Electronics,70,26650.53
P0052,Pulse Webcam 900,Electronics,84,26077.32
P0046,Luma Webcam 791,Electronics,71,24312.12
